Portfolio Name,Category,Set,Product Name,Card Number,Rarity,Variance,Grade,Card Condition,Average Cost Paid,Quantity,Market Price (As of 2026-02-01),Price Override,Watchlist,Date Added,Notes
Sealed,Pokemon,Ancient Origins,XY Ancient Origins Booster Pack ,,,Normal,Ungraded,Near Mint,47.0000,1,105.69,0,false,2025-05-12,
Sealed,Pokemon,Astral Radiance,Astral Radiance Single Pack Blister [Toxel] ,,,Normal,Ungraded,Near Mint,5.0000,1,10.83,0,false,2025-03-10,
Sealed,Pokemon,Battle Styles,Battle Styles Booster Pack ,,,Normal,Ungraded,Near Mint,5.9700,1,7.07,0,false,2025-04-20,
Sealed,Pokemon,Battle Styles,Battle Styles Elite Trainer Box [Set of 2] ,,,Normal,Ungraded,Near Mint,125.0000,1,182.25,0,false,2025-05-26,
Sealed,Pokemon,Battle Styles,Battle Styles Single Pack Blister [Arrokuda] ,,,Normal,Ungraded,Near Mint,4.5000,1,9.33,0,false,2025-05-31,
Sealed,Pokemon,Battle Styles,Battle Styles Single Pack Blister [Charmander] ,,,Normal,Ungraded,Near Mint,4.5000,1,11.58,0,false,2025-05-31,
Sealed,Pokemon,Battle Styles,Battle Styles Sleeved Booster Pack Art Bundle [Set of 4] ,,,Normal,Ungraded,Near Mint,30.4500,1,33.35,0,false,2025-05-26,
Sealed,Pokemon,Black Bolt,Black Bolt Binder Collection ,,,Normal,Ungraded,Near Mint,37.9200,1,54.1,0,false,2025-08-03,
Sealed,Pokemon,Black Bolt,Black Bolt Booster Bundle ,,,Normal,Ungraded,Near Mint,34.0900,5,54.17,0,false,2025-08-24,; 
Sealed,Pokemon,Black Bolt,Black Bolt Elite Trainer Box ,,,Normal,Ungraded,Near Mint,65.2500,3,76.33,0,false,2025-08-03,
Sealed,Pokemon,Black Bolt,Black Bolt Pokemon Center Elite Trainer Box (Exclusive) ,,,Normal,Ungraded,Near Mint,65.2500,2,160.84,0,false,2025-08-03,; 
Sealed,Pokemon,Black Bolt,Black Bolt Tech Sticker Collection ,,,Normal,Ungraded,Near Mint,20.5480,5,29.33,0,false,2025-08-03,; 
Sealed,Pokemon,Black Bolt,Unova Poster Collection ,,,Normal,Ungraded,Near Mint,23.7800,2,32.75,0,false,2025-08-03,
Sealed,Pokemon,Black Bolt,Unova Victini Illustration Collection ,,,Normal,Ungraded,Near Mint,26.7100,3,42.66,0,false,2025-08-03,; 
Sealed,Pokemon,Brilliant Stars,Arceus V Figure Collection ,,,Normal,Ungraded,Near Mint,27.1800,2,114.29,0,false,2025-09-30,
Sealed,Pokemon,Brilliant Stars,Brilliant Stars Sleeved Booster Pack ,,,Normal,Ungraded,Near Mint,4.3400,6,11.37,0,false,2025-10-23,
Sealed,Pokemon,Chilling Reign,Chilling Reign Single Pack Blister [Morpeko] ,,,Normal,Ungraded,Near Mint,12.0700,1,10.94,0,false,2025-10-18,
Sealed,Pokemon,Crown Zenith,Crown Zenith Booster Bundle ,,,Normal,Ungraded,Near Mint,28.0000,1,141.84,0,false,2025-03-08,
Sealed,Pokemon,Crown Zenith,Crown Zenith Collection [Regidrago V] ,,,Normal,Ungraded,Near Mint,20.0000,1,62.65,0,false,2025-04-01,
Sealed,Pokemon,Crown Zenith,Crown Zenith Tin [Galarian Articuno] ,,,Normal,Ungraded,Near Mint,29.0000,1,79.6,0,false,2025-04-01,
Sealed,Pokemon,Crown Zenith,Crown Zenith Tin [Galarian Zapdos] ,,,Normal,Ungraded,Near Mint,29.0000,1,74,0,false,2025-04-01,
Sealed,Pokemon,Destined Rivals,Destined Rivals 3 Pack Blister [Kangaskhan] ,,,Normal,Ungraded,Near Mint,16.1700,1,38.74,0,false,2025-06-06,
Sealed,Pokemon,Destined Rivals,Destined Rivals 3 Pack Blister [Zebstrika] ,,,Normal,Ungraded,Near Mint,16.1700,1,36.1,0,false,2025-05-31,
Sealed,Pokemon,Destined Rivals,Destined Rivals Booster Box ,,,Normal,Ungraded,Near Mint,175.0000,2,493.24,0,false,2025-05-31,; 
Sealed,Pokemon,Destined Rivals,Destined Rivals Booster Bundle ,,,Normal,Ungraded,Near Mint,32.6486,7,54.05,0,false,2025-05-31,; ; ; 
Sealed,Pokemon,Destined Rivals,Destined Rivals Elite Trainer Box ,,,Normal,Ungraded,Near Mint,54.0000,2,154.41,0,false,2025-05-31,
Sealed,Pokemon,Destined Rivals,Destined Rivals Pokemon Center Elite Trainer Box (Exclusive) ,,,Normal,Ungraded,Near Mint,65.2400,1,307.63,0,false,2025-07-01,
Sealed,Pokemon,Destined Rivals,Destined Rivals Premium Checklane Blister [Gastrodon] ,,,Normal,Ungraded,Near Mint,6.5000,2,16.01,0,false,2025-05-31,
Sealed,Pokemon,Destined Rivals,Destined Rivals Single Pack Blister [Eevee] ,,,Normal,Ungraded,Near Mint,7.0000,1,11.19,0,false,2025-10-11,
Sealed,Pokemon,Destined Rivals,Destined Rivals Single Pack Blister [Zarude] ,,,Normal,Ungraded,Near Mint,7.0000,1,9.74,0,false,2025-10-11,
Sealed,Pokemon,Destined Rivals,Destined Rivals Sleeved Booster Pack ,,,Normal,Ungraded,Near Mint,5.6200,20,7.95,0,false,2025-06-01,; ; ; ; ; 
Sealed,Pokemon,Evolving Skies,Evolving Skies Elite Trainer Box [Flareon/Jolteon/Umbreon/Leafeon] ,,,Normal,Ungraded,Near Mint,361.1500,1,389.14,0,false,2026-01-15,
Sealed,Pokemon,Fusion Strike,Fusion Strike Elite Trainer Box ,,,Normal,Ungraded,Near Mint,210.0000,1,236.96,0,false,2026-01-24,
Sealed,Pokemon,Fusion Strike,Fusion Strike Sleeved Booster Pack ,,,Normal,Ungraded,Near Mint,4.3300,7,16.81,0,false,2025-07-16,
Sealed,Pokemon,Fusion Strike,Hoopa V Box ,,,Normal,Ungraded,Near Mint,21.7400,2,60.49,0,false,2025-10-11,
Sealed,Pokemon,Fusion Strike,Unova Two Pack Blister [Forces of Nature Trio] ,,,Normal,Ungraded,Near Mint,11.5825,4,20,0,false,2025-09-30,; 
Sealed,Pokemon,Journey Together,Journey Together 3 Pack Blister [Scrafty] ,,,Normal,Ungraded,Near Mint,16.0000,1,24.78,0,false,2025-04-01,
Sealed,Pokemon,Journey Together,Journey Together 3 Pack Blister [Yanmega] ,,,Normal,Ungraded,Near Mint,16.0000,1,27.24,0,false,2025-04-01,
Sealed,Pokemon,Journey Together,Journey Together Booster Bundle ,,,Normal,Ungraded,Near Mint,29.0000,2,39.02,0,false,2025-04-10,; 
Sealed,Pokemon,Journey Together,Journey Together Elite Trainer Box ,,,Normal,Ungraded,Near Mint,55.0000,1,81.67,0,false,2025-04-08,
Sealed,Pokemon,Journey Together,Journey Together Enhanced Booster Box ,,,Normal,Ungraded,Near Mint,175.0000,1,234.67,0,false,2025-04-01,
Sealed,Pokemon,Journey Together,Journey Together Pokemon Center Elite Trainer Box (Exclusive) ,,,Normal,Ungraded,Near Mint,60.0000,1,127.43,0,false,2025-04-01,
Sealed,Pokemon,Journey Together,Journey Together Premium Checklane Blister [Klinklang] ,,,Normal,Ungraded,Near Mint,6.7500,1,19.29,0,false,2025-04-08,
Sealed,Pokemon,Journey Together,Journey Together Premium Checklane Blister [Rhyperior] ,,,Normal,Ungraded,Near Mint,7.0000,1,19.55,0,false,2025-04-20,
Sealed,Pokemon,Journey Together,Journey Together Sleeved Booster Pack ,,,Normal,Ungraded,Near Mint,5.6600,10,6.62,0,false,2025-04-01,; ; ; 
Sealed,Pokemon,Mega Evolution,Mega Evolution 3 Pack Blister [Golduck] ,,,Normal,Ungraded,Near Mint,18.0000,1,25.39,0,false,2025-10-01,
Sealed,Pokemon,Mega Evolution,Mega Evolution 3 Pack Blister [Psyduck] ,,,Normal,Ungraded,Near Mint,18.0000,1,29.62,0,false,2025-10-11,
Sealed,Pokemon,Mega Evolution,Mega Evolution Booster Bundle ,,,Normal,Ungraded,Near Mint,32.4800,5,43.76,0,false,2025-10-18,
Sealed,Pokemon,Mega Evolution,Mega Evolution Elite Trainer Box [Mega Gardevoir] ,,,Normal,Ungraded,Near Mint,60.0000,3,73.86,0,false,2025-11-26,
Sealed,Pokemon,Mega Evolution,Mega Evolution Elite Trainer Box [Mega Lucario] ,,,Normal,Ungraded,Near Mint,29.9000,2,76.89,0,false,2025-10-11,
Sealed,Pokemon,Mega Evolution,Mega Evolution Enhanced Booster Box ,,,Normal,Ungraded,Near Mint,174.8900,2,224.23,0,false,2025-09-30,; 
Sealed,Pokemon,Mega Evolution,Mega Evolution Pokemon Center Elite Trainer Box (Exclusive) [Mega Gardevoir] ,,,Normal,Ungraded,Near Mint,66.3400,1,146.81,0,false,2025-10-01,
Sealed,Pokemon,Mega Evolution,Mega Evolution Pokemon Center Elite Trainer Box (Exclusive) [Mega Lucario] ,,,Normal,Ungraded,Near Mint,66.3400,1,161.82,0,false,2025-10-01,
Sealed,Pokemon,Mega Evolution,Mega Evolution Premium Checklane Blister [Meowscarada] ,,,Normal,Ungraded,Near Mint,7.6000,1,17.8,0,false,2025-10-12,
Sealed,Pokemon,Mega Evolution,Mega Evolution Single Pack Blister [Lycanroc] ,,,Normal,Ungraded,Near Mint,6.5100,1,12.2,0,false,2025-10-12,
Sealed,Pokemon,Mega Evolution,Mega Evolution Single Pack Blister [Wailord] ,,,Normal,Ungraded,Near Mint,6.5100,1,12,0,false,2025-10-12,
Sealed,Pokemon,Mega Evolution,Mega Evolution Sleeved Booster Pack ,,,Normal,Ungraded,Near Mint,5.7260,20,8.09,0,false,2025-10-01,; 
Sealed,Pokemon,Miscellaneous Cards & Products,Blooming Waters Premium Collection ,,,Normal,Ungraded,Near Mint,67.5000,4,198.84,0,false,2025-03-07,; ; 
Sealed,Pokemon,Miscellaneous Cards & Products,Checklane 2-Pack Blister [Pawmot] ,,,Normal,Ungraded,Near Mint,12.0000,1,12.29,0,false,2025-03-10,
Sealed,Pokemon,Miscellaneous Cards & Products,Costco Pokemon Scarlet & Violet 151 Mini Tin 5-pack (Magneton) ,,,Normal,Ungraded,Near Mint,47.0000,1,153.87,0,false,2025-04-01,
Sealed,Pokemon,Miscellaneous Cards & Products,Costco Pokemon Scarlet & Violet 151 Mini Tin 5-pack (Meowth) ,,,Normal,Ungraded,Near Mint,47.0000,1,150.47,0,false,2025-05-01,
Sealed,Pokemon,Miscellaneous Cards & Products,Costco Prismatic Evolutions 8-Pack Mini Tins ,,,Normal,Ungraded,Near Mint,72.3200,2,164.91,0,false,2025-09-30,
Sealed,Pokemon,Miscellaneous Cards & Products,Cynthia's Garchomp ex Premium Collection ,,,Normal,Ungraded,Near Mint,48.8000,1,53.25,0,false,2025-06-28,
Sealed,Pokemon,Miscellaneous Cards & Products,Dark Powers ex Special Collection ,,,Normal,Ungraded,Near Mint,35.0000,1,73.27,0,false,2025-03-08,
Sealed,Pokemon,Miscellaneous Cards & Products,"Enhanced 2-Pack Blister Pack [Armarouge, Revavroom & Houndstone] ",,,Normal,Ungraded,Near Mint,13.3300,2,20.62,0,false,2025-04-13,
Sealed,Pokemon,Miscellaneous Cards & Products,"Enhanced 2-Pack Blister Pack [Articuno, Zapdos, & Moltres] ",,,Normal,Ungraded,Near Mint,12.0000,2,21.58,0,false,2025-04-01,
Sealed,Pokemon,Miscellaneous Cards & Products,Infernape V Box ,,,Normal,Ungraded,Near Mint,20.0000,1,47.89,0,false,2025-03-24,
Sealed,Pokemon,Miscellaneous Cards & Products,Legendary Warriors Premium Collection ,,,Normal,Ungraded,Near Mint,65.0000,1,133.58,0,false,2025-03-04,
Sealed,Pokemon,Miscellaneous Cards & Products,Lucario VSTAR Special Collection ,,,Normal,Ungraded,Near Mint,22.0000,1,67.36,0,false,2025-05-01,
Sealed,Pokemon,Miscellaneous Cards & Products,Mega Charizard X ex Ultra Premium Collection ,,,Normal,Ungraded,Near Mint,114.3000,4,144.99,0,false,2025-11-30,; ; 
Sealed,Pokemon,Miscellaneous Cards & Products,Mega Lucario ex Premium Figure Collection ,,,Normal,Ungraded,Near Mint,38.0000,1,42.5,0,false,2025-11-18,
Sealed,Pokemon,Miscellaneous Cards & Products,Pikachu V Box ,,,Normal,Ungraded,Near Mint,21.7400,2,41.61,0,false,2025-10-11,
Sealed,Pokemon,Miscellaneous Cards & Products,Pokemon TCG: Back to School Eraser Blister 2024 [Bellibolt] ,,,Normal,Ungraded,Near Mint,10.5000,1,17.49,0,false,2025-04-17,
Sealed,Pokemon,Miscellaneous Cards & Products,Pokemon TCG: Back to School Eraser Blister 2024 [Gengar] ,,,Normal,Ungraded,Near Mint,10.0000,1,23.17,0,false,2025-03-19,
Sealed,Pokemon,Miscellaneous Cards & Products,Prismatic Evolutions Lucario ex & Tyranitar ex Premium Collection (Sam's Club) ,,,Normal,Ungraded,Near Mint,75.0000,1,133.69,0,false,2025-09-30,
Sealed,Pokemon,Miscellaneous Cards & Products,Professor Juniper Premium Tournament Collection Box ,,,Normal,Ungraded,Near Mint,43.4900,1,72.36,0,false,2025-09-30,
Sealed,Pokemon,Miscellaneous Cards & Products,Team Rocket’s Moltres ex Ultra-Premium Collection ,,,Normal,Ungraded,Near Mint,166.0000,2,211.92,0,false,2025-11-30,
Sealed,Pokemon,Miscellaneous Cards & Products,Terapagos ex Ultra-Premium Collection ,,,Normal,Ungraded,Near Mint,94.0000,1,163.23,0,false,2025-03-19,
Sealed,Pokemon,Obsidian Flames,Obsidian Flames 3 Pack Blister [Eevee] ,,,Normal,Ungraded,Near Mint,15.2100,1,28.5,0,false,2025-04-20,
Sealed,Pokemon,Obsidian Flames,Obsidian Flames 3 Pack Blister [Houndstone] ,,,Normal,Ungraded,Near Mint,15.0800,2,26.38,0,false,2025-04-20,; 
Sealed,Pokemon,Obsidian Flames,Obsidian Flames Single Pack Blister ,,,Normal,Ungraded,Near Mint,6.0000,2,9.57,0,false,2025-04-13,
Sealed,Pokemon,Paldea Evolved,Paldea Evolved 3 Pack Blister [Tinkatink] ,,,Normal,Ungraded,Near Mint,15.0000,1,31.55,0,false,2025-03-14,
Sealed,Pokemon,Paldea Evolved,Paldea Evolved 3 Pack Blister [Varoom] ,,,Normal,Ungraded,Near Mint,15.0000,1,33.01,0,false,2025-03-14,
Sealed,Pokemon,Paldea Evolved,Paldea Evolved Booster Bundle ,,,Normal,Ungraded,Near Mint,31.3333,3,79.74,0,false,2025-03-14,; 
Sealed,Pokemon,Paldea Evolved,Paldea Evolved Elite Trainer Box ,,,Normal,Ungraded,Near Mint,60.0000,1,125.21,0,false,2025-06-07,
Sealed,Pokemon,Paldea Evolved,Paldea Evolved Sleeved Booster Pack ,,,Normal,Ungraded,Near Mint,6.1288,17,10.93,0,false,2025-03-07,; ; ; 
Sealed,Pokemon,Paldean Fates,Paldean Fates Booster Bundle ,,,Normal,Ungraded,Near Mint,29.5000,2,109.95,0,false,2025-05-01,
Sealed,Pokemon,Paldean Fates,Paldean Fates Great Tusk ex & Iron Treads ex Premium Collection ,,,Normal,Ungraded,Near Mint,81.0000,2,143.7,0,false,2025-12-06,
Sealed,Pokemon,Paldean Fates,Paldean Fates Tech Sticker Collection [Fidough] ,,,Normal,Ungraded,Near Mint,17.2900,2,38.66,0,false,2025-05-31,; 
Sealed,Pokemon,Paldean Fates,Paldean Fates Tech Sticker Collection [Greavard] ,,,Normal,Ungraded,Near Mint,20.0000,1,38.36,0,false,2025-09-30,
Sealed,Pokemon,Paldean Fates,Paldean Fates Tech Sticker Collection [Maschiff] ,,,Normal,Ungraded,Near Mint,19.5700,1,37.78,0,false,2025-09-01,
Sealed,Pokemon,Paradox Rift,Paradox Rift 3 Pack Blister [Arctibax] ,,,Normal,Ungraded,Near Mint,16.0000,1,25.48,0,false,2025-04-01,
Sealed,Pokemon,Paradox Rift,Paradox Rift 3 Pack Blister [Cetitan] ,,,Normal,Ungraded,Near Mint,16.0000,1,27.07,0,false,2025-04-01,
Sealed,Pokemon,Paradox Rift,Paradox Rift Elite Trainer Box [Iron Valiant] ,,,Normal,Ungraded,Near Mint,55.0000,1,95.65,0,false,2025-03-02,
Sealed,Pokemon,Paradox Rift,Paradox Rift Elite Trainer Box [Roaring Moon] ,,,Normal,Ungraded,Near Mint,50.0000,1,102.24,0,false,2025-03-14,
Sealed,Pokemon,Paradox Rift,Paradox Rift Single Pack Blister [Pineco] ,,,Normal,Ungraded,Near Mint,6.0000,1,8.33,0,false,2025-04-01,
Sealed,Pokemon,Paradox Rift,Paradox Rift Single Pack Blister [Sinistea] ,,,Normal,Ungraded,Near Mint,2.0000,3,8.16,0,false,2025-03-04,
Sealed,Pokemon,Paradox Rift,Paradox Rift Sleeved Booster Pack ,,,Normal,Ungraded,Near Mint,4.9556,9,7.42,0,false,2025-03-06,; 
Sealed,Pokemon,Phantasmal Flames,Phantasmal Flames 3 Pack Blister [Sneasel] ,,,Normal,Ungraded,Near Mint,17.2600,1,23.38,0,false,2025-11-19,
Sealed,Pokemon,Phantasmal Flames,Phantasmal Flames 3 Pack Blister [Weavile] ,,,Normal,Ungraded,Near Mint,17.2600,1,23.32,0,false,2025-11-19,
Sealed,Pokemon,Phantasmal Flames,Phantasmal Flames Booster Box ,,,Normal,Ungraded,Near Mint,175.7800,1,281.98,0,false,2025-12-18,
Sealed,Pokemon,Phantasmal Flames,Phantasmal Flames Booster Bundle ,,,Normal,Ungraded,Near Mint,32.5000,4,44.23,0,false,2025-11-19,
Sealed,Pokemon,Phantasmal Flames,Phantasmal Flames Elite Trainer Box ,,,Normal,Ungraded,Near Mint,60.0000,2,75.72,0,false,2025-11-19,
Sealed,Pokemon,Phantasmal Flames,Phantasmal Flames Pokemon Center Elite Trainer Box (Exclusive) ,,,Normal,Ungraded,Near Mint,65.0000,2,168.99,0,false,2025-11-22,
Sealed,Pokemon,Phantasmal Flames,Phantasmal Flames Premium Checklane Blister [Hydrapple] ,,,Normal,Ungraded,Near Mint,7.6000,2,16.93,0,false,2025-12-06,
Sealed,Pokemon,Phantasmal Flames,Phantasmal Flames Single Pack Blister [Cottonee] ,,,Normal,Ungraded,Near Mint,6.5100,1,8.28,0,false,2025-12-06,
Sealed,Pokemon,Phantasmal Flames,Phantasmal Flames Single Pack Blister [Whimsicott] ,,,Normal,Ungraded,Near Mint,6.5100,1,8.37,0,false,2025-12-06,
Sealed,Pokemon,Phantasmal Flames,Phantasmal Flames Sleeved Booster Pack ,,,Normal,Ungraded,Near Mint,6.0700,12,7.94,0,false,2025-11-19,; ; 
Sealed,Pokemon,Pokemon Go,Pokemon GO Special Collection [Set of 3] ,,,Normal,Ungraded,Near Mint,108.7500,1,156.32,0,false,2025-05-26,
Sealed,Pokemon,Prismatic Evolutions,Prismatic Evolutions 2Blister [Eevee] ,,,Normal,Ungraded,Near Mint,11.9500,6,33.09,0,false,2025-03-14,; 
Sealed,Pokemon,Prismatic Evolutions,Prismatic Evolutions Binder Collection ,,,Normal,Ungraded,Near Mint,33.0000,2,72.71,0,false,2025-04-10,; 
Sealed,Pokemon,Prismatic Evolutions,Prismatic Evolutions Booster Bundle ,,,Normal,Ungraded,Near Mint,35.0517,12,69.24,0,false,2025-03-07,; ; ; ; ; 
Sealed,Pokemon,Prismatic Evolutions,Prismatic Evolutions Elite Trainer Box ,,,Normal,Ungraded,Near Mint,51.4400,3,125.66,0,false,2025-05-03,; 
Sealed,Pokemon,Prismatic Evolutions,Prismatic Evolutions Mini Tin [Espeon] ,,,Normal,Ungraded,Near Mint,10.0000,1,21.61,0,false,2025-03-19,
Sealed,Pokemon,Prismatic Evolutions,Prismatic Evolutions Mini Tin [Flareon] ,,,Normal,Ungraded,Near Mint,10.0000,1,20.2,0,false,2025-03-19,
Sealed,Pokemon,Prismatic Evolutions,Prismatic Evolutions Mini Tin [Sylveon] ,,,Normal,Ungraded,Near Mint,10.0000,1,27.31,0,false,2025-03-19,
Sealed,Pokemon,Prismatic Evolutions,Prismatic Evolutions Mini Tin [Vaporeon] ,,,Normal,Ungraded,Near Mint,11.9500,1,21.68,0,false,2025-04-20,
Sealed,Pokemon,Prismatic Evolutions,Prismatic Evolutions Pokemon Center Elite Trainer Box (Exclusive) ,,,Normal,Ungraded,Near Mint,65.1200,4,387.81,0,false,2025-04-28,; 
Sealed,Pokemon,Prismatic Evolutions,Prismatic Evolutions Poster Collection ,,,Normal,Ungraded,Near Mint,19.3000,4,28.15,0,false,2025-04-01,; ; 
Sealed,Pokemon,Prismatic Evolutions,Prismatic Evolutions Premium Figure Collection ,,,Normal,Ungraded,Near Mint,91.0350,2,144.03,0,false,2025-11-25,; 
Sealed,Pokemon,Prismatic Evolutions,Prismatic Evolutions Super Premium Collection ,,,Normal,Ungraded,Near Mint,120.0000,1,252.22,0,false,2025-09-30,
Sealed,Pokemon,Prismatic Evolutions,Prismatic Evolutions Surprise Box ,,,Normal,Ungraded,Near Mint,25.4400,3,43.95,0,false,2025-05-03,; 
Sealed,Pokemon,Prismatic Evolutions,Prismatic Evolutions Tech Sticker Collection [Glaceon] ,,,Normal,Ungraded,Near Mint,17.0000,1,28.73,0,false,2025-05-01,
Sealed,Pokemon,Prismatic Evolutions,Prismatic Evolutions Tech Sticker Collection [Leafeon] ,,,Normal,Ungraded,Near Mint,16.3333,3,26.72,0,false,2025-05-05,; 
Sealed,Pokemon,Prismatic Evolutions,Prismatic Evolutions Tech Sticker Collection [Sylveon] ,,,Normal,Ungraded,Near Mint,17.0000,1,30.07,0,false,2025-05-01,
Sealed,Pokemon,Scarlet & Violet Base Set,Scarlet & Violet 3 Pack Blister [Arcanine] ,,,Normal,Ungraded,Near Mint,15.0000,2,27.76,0,false,2025-03-14,
Sealed,Pokemon,Scarlet & Violet Base Set,Scarlet & Violet 3 Pack Blister [Dondozo] ,,,Normal,Ungraded,Near Mint,15.0000,1,22.41,0,false,2025-03-14,
Sealed,Pokemon,Scarlet & Violet Base Set,Scarlet & Violet Booster Box ,,,Normal,Ungraded,Near Mint,240.0000,1,264.89,0,false,2025-11-25,
Sealed,Pokemon,Scarlet & Violet Base Set,Scarlet & Violet Elite Trainer Box [Koraidon] ,,,Normal,Ungraded,Near Mint,59.0000,1,90.81,0,false,2025-04-01,
Sealed,Pokemon,Scarlet & Violet Base Set,Scarlet & Violet Elite Trainer Box [Miraidon] ,,,Normal,Ungraded,Near Mint,58.0000,1,101.38,0,false,2025-05-01,
Sealed,Pokemon,Scarlet & Violet Base Set,Scarlet & Violet Sleeved Booster Pack ,,,Normal,Ungraded,Near Mint,5.4400,6,7.6,0,false,2025-05-31,
Sealed,Pokemon,Shrouded Fable,Greninja ex Special Illustration Collection ,,,Normal,Ungraded,Near Mint,35.0000,1,125.34,0,false,2025-03-08,
Sealed,Pokemon,Shrouded Fable,Kingambit Illustration Collection ,,,Normal,Ungraded,Near Mint,22.0000,1,34.41,0,false,2025-03-15,
Sealed,Pokemon,Shrouded Fable,Kingdra ex Special Illustration Collection ,,,Normal,Ungraded,Near Mint,81.0000,1,113.69,0,false,2025-12-18,
Sealed,Pokemon,Shrouded Fable,Shrouded Fable Booster Bundle ,,,Normal,Ungraded,Near Mint,29.0400,5,43.64,0,false,2025-06-07,; ; 
Sealed,Pokemon,Shrouded Fable,Shrouded Fable Elite Trainer Box ,,,Normal,Ungraded,Near Mint,40.0000,1,79.14,0,false,2025-03-02,
Sealed,Pokemon,Silver Tempest,Silver Tempest Elite Trainer Box ,,,Normal,Ungraded,Near Mint,60.0000,1,104.75,0,false,2025-03-04,
Sealed,Pokemon,Stellar Crown,Stellar Crown Elite Trainer Box ,,,Normal,Ungraded,Near Mint,50.0000,1,87.86,0,false,2025-03-17,
Sealed,Pokemon,Stellar Crown,Stellar Crown Pokemon Center Elite Trainer Box (Exclusive) ,,,Normal,Ungraded,Near Mint,65.0000,1,113.01,0,false,2025-12-24,
Sealed,Pokemon,Surging Sparks,Surging Sparks 3 Pack Blisters [Quagsire] ,,,Normal,Ungraded,Near Mint,14.0000,2,29.79,0,false,2025-03-15,
Sealed,Pokemon,Surging Sparks,Surging Sparks 3 Pack Blisters [Zapdos] ,,,Normal,Ungraded,Near Mint,14.0000,1,28.53,0,false,2025-03-15,
Sealed,Pokemon,Surging Sparks,Surging Sparks Booster Box ,,,Normal,Ungraded,Near Mint,250.0000,1,252.09,0,false,2025-11-10,
Sealed,Pokemon,Surging Sparks,Surging Sparks Booster Bundle ,,,Normal,Ungraded,Near Mint,26.5000,2,41.23,0,false,2025-03-08,; 
Sealed,Pokemon,Surging Sparks,Surging Sparks Elite Trainer Box ,,,Normal,Ungraded,Near Mint,48.6667,3,86.96,0,false,2025-09-01,; 
Sealed,Pokemon,Surging Sparks,Surging Sparks Pokemon Center Elite Trainer Box (Exclusive) ,,,Normal,Ungraded,Near Mint,73.0000,1,205.64,0,false,2025-04-20,
Sealed,Pokemon,Surging Sparks,Surging Sparks Sleeved Booster Pack ,,,Normal,Ungraded,Near Mint,5.9744,9,8.27,0,false,2025-03-04,; 
Sealed,Pokemon,SV: 151,151: Alakazam ex Collection ,,,Normal,Ungraded,Near Mint,24.0000,1,72.53,0,false,2025-09-30,
Sealed,Pokemon,SV: 151,151 Booster Bundle ,,,Normal,Ungraded,Near Mint,28.8413,15,118.51,0,false,2025-03-04,; ; 
Sealed,Pokemon,SV: 151,151 Elite Trainer Box ,,,Normal,Ungraded,Near Mint,360.0000,1,425.67,0,false,2026-01-24,
Sealed,Pokemon,SV: 151,151 Mini Tin Display ,,,Normal,Ungraded,Near Mint,141.2300,1,316.04,0,false,2025-06-01,
Sealed,Pokemon,SV: 151,151 Poster Collection ,,,Normal,Ungraded,Near Mint,17.3700,4,47.28,0,false,2025-04-20,
Sealed,Pokemon,SV: 151,151: Zapdos ex Collection ,,,Normal,Ungraded,Near Mint,24.0000,1,64.73,0,false,2025-04-01,
Sealed,Pokemon,Temporal Forces,Temporal Forces Elite Trainer Box [Iron Leaves] ,,,Normal,Ungraded,Near Mint,40.0000,1,81.7,0,false,2025-03-08,
Sealed,Pokemon,Temporal Forces,Temporal Forces Elite Trainer Box [Walking Wake] ,,,Normal,Ungraded,Near Mint,55.0000,1,86.18,0,false,2025-03-02,
Sealed,Pokemon,Temporal Forces,Temporal Forces Single Pack Blister [Bellibolt] ,,,Normal,Ungraded,Near Mint,6.0000,1,9.08,0,false,2025-04-01,
Sealed,Pokemon,Temporal Forces,Temporal Forces Single Pack Blister [Carvanha] ,,,Normal,Ungraded,Near Mint,6.0000,1,8.51,0,false,2025-04-01,
Sealed,Pokemon,Temporal Forces,Temporal Forces Sleeved Booster Pack ,,,Normal,Ungraded,Near Mint,5.0000,6,7.44,0,false,2025-11-29,
Sealed,Pokemon,Twilight Masquerade,Twilight Masquerade 3 Pack Blister [Snorlax] ,,,Normal,Ungraded,Near Mint,15.0000,1,34.99,0,false,2025-03-04,
Sealed,Pokemon,Twilight Masquerade,Twilight Masquerade Booster Bundle ,,,Normal,Ungraded,Near Mint,28.0000,1,51.65,0,false,2025-03-04,
Sealed,Pokemon,Twilight Masquerade,Twilight Masquerade Elite Trainer Box ,,,Normal,Ungraded,Near Mint,50.0000,1,68.45,0,false,2025-03-08,
Sealed,Pokemon,Twilight Masquerade,Twilight Masquerade Single Pack Blister [Pupitar] ,,,Normal,Ungraded,Near Mint,6.0000,1,10.56,0,false,2025-04-01,
Sealed,Pokemon,Twilight Masquerade,Twilight Masquerade Single Pack Blister [Toxel] ,,,Normal,Ungraded,Near Mint,6.0000,1,10.58,0,false,2025-04-01,
Sealed,Pokemon,Twilight Masquerade,Twilight Masquerade Sleeved Booster Pack ,,,Normal,Ungraded,Near Mint,5.0000,5,7.78,0,false,2025-03-02,
Sealed,Pokemon,White Flare,White Flare Binder Collection ,,,Normal,Ungraded,Near Mint,37.9200,1,48.41,0,false,2025-08-03,
Sealed,Pokemon,White Flare,White Flare Booster Bundle ,,,Normal,Ungraded,Near Mint,33.0180,5,52.26,0,false,2025-08-24,; ; 
Sealed,Pokemon,White Flare,White Flare Elite Trainer Box ,,,Normal,Ungraded,Near Mint,65.2500,3,80.22,0,false,2025-08-03,
Sealed,Pokemon,White Flare,White Flare Pokemon Center Elite Trainer Box (Exclusive) ,,,Normal,Ungraded,Near Mint,65.2500,2,141.54,0,false,2025-08-03,; 
Sealed,Pokemon,White Flare,White Flare Tech Sticker Collection ,,,Normal,Ungraded,Near Mint,20.5200,4,26.41,0,false,2025-08-03,
